state,year,total_revenue,prop_tax,gen_sales_tax,select_sales_tax,income_tax,net_corp_income_tax,gift_death_tax,unemployment_tax
Alabama,2010,"$8,811 ",$537 ,$827 ,$549 ,$569 ,$89 ,$0 ,$76 
Alaska,2010,"$21,909 ","$1,787 ",$480 ,$466 ,$0 ,$901 ,$0 ,$185 
Arizona,2010,"$8,450 ","$1,122 ","$1,132 ",$328 ,$377 ,$65 ,$0 ,$52 
Arkansas,2010,"$8,399 ",$597 ,"$1,208 ",$433 ,$716 ,$132 ,$0 ,$105 
California,2010,"$12,147 ","$1,440 ","$1,135 ",$324 ,"$1,223 ",$244 ,$0 ,$139 
Colorado,2010,"$9,760 ","$1,361 ","$1,043 ",$347 ,$810 ,$71 ,$0 ,$84 
Connecticut,2010,"$11,012 ","$2,568 ",$879 ,$621 ,"$1,611 ",$142 ,$47 ,$190 
DC,2010,"$19,253 ","$3,074 ","$1,423 ",$826 ,"$1,831 ",$543 ,$65 ,$230 
Delaware,2010,"$10,926 ",$785 ,$0 ,$526 ,"$1,008 ",$164 ,$0 ,$97 
Florida,2010,"$8,853 ","$1,493 ",$999 ,$596 ,$0 ,$95 ,$0 ,$61 
Georgia,2010,"$7,863 ","$1,088 ",$868 ,$274 ,$722 ,$71 ,$0 ,$65 
Hawaii,2010,"$10,744 ","$1,021 ","$1,812 ",$679 ,"$1,119 ",$59 ,$0 ,$72 
Idaho,2010,"$7,949 ",$862 ,$717 ,$259 ,$680 ,$63 ,$0 ,$128 
Illinois,2010,"$9,839 ","$1,841 ",$663 ,$662 ,$734 ,$209 ,$19 ,$142 
Indiana,2010,"$8,442 ","$1,177 ",$915 ,$417 ,$841 ,$92 ,$21 ,$84 
Iowa,2010,"$10,177 ","$1,385 ",$898 ,$414 ,$900 ,$63 ,$22 ,$136 
Kansas,2010,"$9,210 ","$1,371 ","$1,016 ",$360 ,$941 ,$123 ,$3 ,$107 
Kentucky,2010,"$8,636 ",$688 ,$642 ,$563 ,$967 ,$111 ,$9 ,$99 
Louisiana,2010,"$10,359 ",$755 ,"$1,360 ",$568 ,$503 ,$86 ,$0 ,$41 
Maine,2010,"$9,456 ","$1,776 ",$745 ,$515 ,$981 ,$132 ,$24 ,$94 
Maryland,2010,"$9,927 ","$1,467 ",$648 ,$532 ,"$1,714 ",$154 ,$30 ,$124 
Massachusetts,2010,"$11,584 ","$1,960 ",$704 ,$362 ,"$1,542 ",$279 ,$34 ,$252 
Michigan,2010,"$9,496 ","$1,443 ",$912 ,$373 ,$599 ,$64 ,$0 ,$149 
Minnesota,2010,"$10,807 ","$1,455 ",$854 ,$682 ,"$1,216 ",$136 ,$28 ,$165 
Mississippi,2010,"$9,659 ",$841 ,$959 ,$448 ,$455 ,$107 ,$0 ,$36 
Missouri,2010,"$8,604 ",$943 ,$808 ,$391 ,$769 ,$45 ,$0 ,$96 
Montana,2010,"$9,874 ","$1,399 ",$0 ,$544 ,$721 ,$94 ,$0 ,$90 
Nebraska,2010,"$10,994 ","$1,566 ",$949 ,$321 ,$828 ,$84 ,$19 ,$94 
Nevada,2010,"$8,452 ","$1,302 ","$1,055 ",$843 ,$0 ,$0 ,$0 ,$108 
New Hampshire,2010,"$8,793 ","$2,488 ",$0 ,$683 ,$63 ,$379 ,$0 ,$111 
New Jersey,2010,"$11,324 ","$2,808 ",$897 ,$402 ,"$1,172 ",$232 ,$66 ,$239 
New Mexico,2010,"$10,653 ",$649 ,"$1,254 ",$350 ,$463 ,$61 ,$0 ,$55 
New York,2010,"$16,158 ","$2,300 ","$1,156 ",$644 ,"$2,188 ",$467 ,$45 ,$145 
North Carolina,2010,"$9,058 ",$920 ,$830 ,$399 ,$954 ,$135 ,$9 ,$85 
North Dakota,2010,"$11,688 ","$1,129 ","$1,059 ",$537 ,$450 ,$131 ,$0 ,$93 
Ohio,2010,"$10,682 ","$1,134 ",$775 ,$450 ,"$1,058 ",$21 ,$21 ,$104 
Oklahoma,2010,"$8,761 ",$632 ,"$1,002 ",$318 ,$592 ,$58 ,$6 ,$43 
Oregon,2010,"$10,692 ","$1,331 ",$0 ,$355 ,"$1,289 ",$104 ,$26 ,$183 
Pennsylvania,2010,"$9,781 ","$1,267 ",$677 ,$624 ,"$1,054 ",$152 ,$57 ,$181 
Rhode Island,2010,"$11,116 ","$2,089 ",$757 ,$596 ,$862 ,$115 ,$29 ,$206 
South Carolina,2010,"$9,173 ","$1,042 ",$661 ,$321 ,$577 ,$32 ,$0 ,$60 
South Dakota,2010,"$8,505 ","$1,132 ","$1,262 ",$443 ,$0 ,$38 ,$0 ,$72 
Tennessee,2010,"$8,542 ",$799 ,"$1,269 ",$364 ,$27 ,$142 ,$13 ,$124 
Texas,2010,"$8,318 ","$1,574 ","$1,006 ",$522 ,$0 ,$0 ,$0 ,$80 
Utah,2010,"$8,699 ",$886 ,$803 ,$382 ,$758 ,$89 ,$0 ,$49 
Vermont,2010,"$11,202 ","$2,160 ",$512 ,$866 ,$781 ,$136 ,$23 ,$128 
Virginia,2010,"$8,859 ","$1,419 ",$565 ,$459 ,"$1,079 ",$98 ,$1 ,$58 
Washington,2010,"$10,621 ","$1,282 ","$1,768 ",$645 ,$0 ,$0 ,$12 ,$170 
West Virginia,2010,"$9,164 ",$782 ,$624 ,$700 ,$821 ,$128 ,$0 ,$107 
Wisconsin,2010,"$11,646 ","$1,762 ",$750 ,$494 ,"$1,018 ",$150 ,$0 ,$147 
Wyoming,2010,"$18,029 ","$2,623 ","$1,712 ",$285 ,$0 ,$0 ,$0 ,$122 
Alabama,2011,"$8,599 ",$536 ,$837 ,$557 ,$604 ,$63 ,$0 ,$108 
Alaska,2011,"$25,403 ","$2,003 ",$467 ,$463 ,$0 ,$998 ,$0 ,$223 
Arizona,2011,"$9,088 ","$1,085 ","$1,282 ",$320 ,$444 ,$87 ,$0 ,$63 
Arkansas,2011,"$9,424 ",$619 ,"$1,242 ",$456 ,$773 ,$128 ,$0 ,$135 
California,2011,"$13,840 ","$1,424 ","$1,135 ",$507 ,"$1,342 ",$255 ,$0 ,$161 
Colorado,2011,"$10,129 ","$1,353 ","$1,044 ",$375 ,$887 ,$75 ,$0 ,$132 
Connecticut,2011,"$11,832 ","$2,626 ",$918 ,$633 ,"$1,800 ",$254 ,$63 ,$219 
DC,2011,"$21,426 ","$2,861 ","$1,643 ",$682 ,"$2,099 ",$582 ,$141 ,$251 
Delaware,2011,"$12,181 ",$776 ,$0 ,$557 ,"$1,117 ",$325 ,$18 ,$116 
Florida,2011,"$9,465 ","$1,361 ","$1,059 ",$596 ,$0 ,$98 ,$0 ,$87 
Georgia,2011,"$8,627 ","$1,071 ",$882 ,$313 ,$781 ,$68 ,$0 ,$80 
Hawaii,2011,"$11,513 ",$957 ,"$1,931 ",$748 ,$901 ,$49 ,$5 ,$180 
Idaho,2011,"$8,892 ",$879 ,$748 ,$286 ,$737 ,$107 ,$0 ,$177 
Illinois,2011,"$10,545 ","$1,901 ",$703 ,$668 ,$909 ,$218 ,$9 ,$195 
Indiana,2011,"$8,757 ",$976 ,$961 ,$417 ,$947 ,$110 ,$23 ,$108 
Iowa,2011,"$11,277 ","$1,445 ",$946 ,$425 ,$959 ,$82 ,$21 ,$194 
Kansas,2011,"$9,937 ","$1,366 ","$1,144 ",$376 ,$937 ,$86 ,$0 ,$139 
Kentucky,2011,"$9,365 ",$701 ,$662 ,$587 ,"$1,033 ",$143 ,$9 ,$109 
Louisiana,2011,"$10,766 ",$783 ,"$1,440 ",$578 ,$525 ,$43 ,$0 ,$52 
Maine,2011,"$10,467 ","$1,786 ",$760 ,$511 ,"$1,068 ",$157 ,$37 ,$125 
Maryland,2011,"$10,728 ","$1,454 ",$666 ,$592 ,"$1,797 ",$133 ,$37 ,$170 
Massachusetts,2011,"$12,496 ","$2,004 ",$742 ,$365 ,"$1,749 ",$291 ,$47 ,$283 
Michigan,2011,"$9,454 ","$1,379 ",$976 ,$376 ,$690 ,$74 ,$0 ,$179 
Minnesota,2011,"$11,892 ","$1,529 ",$890 ,$702 ,"$1,398 ",$188 ,$30 ,$212 
Mississippi,2011,"$10,577 ",$869 ,$997 ,$454 ,$469 ,$117 ,$0 ,$65 
Missouri,2011,"$9,507 ",$959 ,$828 ,$395 ,$805 ,$64 ,$0 ,$110 
Montana,2011,"$10,300 ","$1,376 ",$0 ,$543 ,$814 ,$124 ,$0 ,$135 
Nebraska,2011,"$11,852 ","$1,625 ","$1,002 ",$326 ,$934 ,$84 ,$29 ,$124 
Nevada,2011,"$9,572 ","$1,128 ","$1,194 ",$870 ,$0 ,$0 ,$0 ,$130 
New Hampshire,2011,"$9,199 ","$2,544 ",$0 ,$677 ,$57 ,$392 ,$0 ,$154 
New Jersey,2011,"$11,855 ","$2,883 ",$917 ,$442 ,"$1,196 ",$250 ,$72 ,$296 
New Mexico,2011,"$11,660 ",$670 ,"$1,348 ",$374 ,$527 ,$110 ,$0 ,$145 
New York,2011,"$16,553 ","$2,334 ","$1,230 ",$657 ,"$2,272 ",$519 ,$62 ,$162 
North Carolina,2011,"$9,742 ",$928 ,$858 ,$415 ,"$1,024 ",$113 ,$3 ,$104 
North Dakota,2011,"$14,087 ","$1,121 ","$1,314 ",$599 ,$630 ,$234 ,$0 ,$122 
Ohio,2011,"$11,441 ","$1,155 ",$827 ,$435 ,"$1,144 ",$29 ,$22 ,$127 
Oklahoma,2011,"$9,380 ",$596 ,"$1,071 ",$331 ,$630 ,$93 ,$2 ,$85 
Oregon,2011,"$12,145 ","$1,322 ",$0 ,$378 ,"$1,419 ",$134 ,$20 ,$240 
Pennsylvania,2011,"$10,464 ","$1,310 ",$751 ,$655 ,"$1,093 ",$178 ,$61 ,$221 
Rhode Island,2011,"$12,024 ","$2,158 ",$768 ,$613 ,$969 ,$123 ,$16 ,$230 
South Carolina,2011,"$9,812 ","$1,031 ",$675 ,$331 ,$624 ,$46 ,$0 ,$103 
South Dakota,2011,"$10,271 ","$1,188 ","$1,340 ",$450 ,$0 ,$18 ,$0 ,$70 
Tennessee,2011,"$9,414 ",$805 ,"$1,278 ",$440 ,$30 ,$167 ,$18 ,$116 
Texas,2011,"$8,774 ","$1,561 ","$1,068 ",$537 ,$0 ,$0 ,$0 ,$99 
Utah,2011,"$9,002 ",$955 ,$877 ,$375 ,$815 ,$88 ,$0 ,$80 
Vermont,2011,"$12,028 ","$2,184 ",$532 ,$933 ,$883 ,$167 ,$57 ,$170 
Virginia,2011,"$9,435 ","$1,407 ",$552 ,$468 ,"$1,176 ",$98 ,$1 ,$83 
Washington,2011,"$11,469 ","$1,312 ","$1,901 ",$679 ,$0 ,$0 ,$18 ,$221 
West Virginia,2011,"$10,082 ",$770 ,$652 ,$752 ,$897 ,$165 ,$0 ,$117 
Wisconsin,2011,"$11,022 ","$1,760 ",$779 ,$487 ,"$1,125 ",$149 ,$0 ,$190 
Wyoming,2011,"$18,089 ","$2,171 ","$1,848 ",$284 ,$0 ,$0 ,$0 ,$200 
Alabama,2012,"$9,190 ",$528 ,$859 ,$553 ,$645 ,$85 ,$0 ,$106 
Alaska,2012,"$24,891 ","$2,080 ",$280 ,$456 ,$0 ,$907 ,$0 ,$283 
Arizona,2012,"$7,912 ","$1,051 ","$1,330 ",$328 ,$475 ,$100 ,$0 ,$66 
Arkansas,2012,"$7,865 ",$660 ,"$1,270 ",$464 ,$815 ,$137 ,$0 ,$149 
California,2012,"$10,534 ","$1,358 ","$1,079 ",$395 ,"$1,449 ",$209 ,$0 ,$163 
Colorado,2012,"$9,126 ","$1,343 ","$1,056 ",$413 ,$940 ,$95 ,$0 ,$160 
Connecticut,2012,"$11,113 ","$2,614 ","$1,043 ",$832 ,"$2,045 ",$173 ,$48 ,$240 
DC,2012,"$19,996 ","$2,975 ","$1,761 ",$681 ,"$2,362 ",$738 ,$163 ,$198 
Delaware,2012,"$10,665 ",$758 ,$0 ,$551 ,"$1,289 ",$292 ,$13 ,$136 
Florida,2012,"$7,684 ","$1,278 ","$1,102 ",$596 ,$0 ,$104 ,$0 ,$114 
Georgia,2012,"$7,187 ","$1,046 ",$925 ,$319 ,$822 ,$60 ,$0 ,$85 
Hawaii,2012,"$9,862 ",$933 ,"$2,056 ",$788 ,"$1,097 ",$57 ,$10 ,$226 
Idaho,2012,"$7,410 ",$871 ,$765 ,$292 ,$758 ,$118 ,$0 ,$206 
Illinois,2012,"$9,276 ","$1,973 ",$944 ,$672 ,"$1,200 ",$270 ,$18 ,$251 
Indiana,2012,"$7,886 ",$952 ,"$1,013 ",$536 ,$931 ,$121 ,$27 ,$123 
Iowa,2012,"$10,693 ","$1,473 ","$1,043 ",$436 ,"$1,014 ",$138 ,$26 ,$212 
Kansas,2012,"$8,237 ","$1,357 ","$1,285 ",$382 ,"$1,001 ",$110 ,$0 ,$150 
Kentucky,2012,"$7,978 ",$713 ,$695 ,$608 ,"$1,055 ",$157 ,$9 ,$116 
Louisiana,2012,"$9,119 ",$791 ,"$1,446 ",$524 ,$538 ,$63 ,$0 ,$54 
Maine,2012,"$8,971 ","$1,786 ",$800 ,$519 ,"$1,083 ",$174 ,$34 ,$134 
Maryland,2012,"$9,565 ","$1,516 ",$689 ,$652 ,"$1,941 ",$149 ,$33 ,$189 
Massachusetts,2012,"$10,989 ","$2,044 ",$759 ,$379 ,"$1,786 ",$299 ,$44 ,$289 
Michigan,2012,"$9,211 ","$1,338 ",$901 ,$403 ,$741 ,$81 ,$0 ,$194 
Minnesota,2012,"$10,455 ","$1,459 ",$939 ,$813 ,"$1,482 ",$198 ,$31 ,$250 
Mississippi,2012,"$8,972 ",$869 ,"$1,030 ",$479 ,$503 ,$133 ,$0 ,$94 
Missouri,2012,"$8,119 ",$952 ,$867 ,$396 ,$905 ,$63 ,$0 ,$114 
Montana,2012,"$9,147 ","$1,370 ",$0 ,$550 ,$895 ,$132 ,$0 ,$157 
Nebraska,2012,"$11,010 ","$1,602 ","$1,015 ",$322 ,$989 ,$126 ,$30 ,$110 
Nevada,2012,"$7,991 ","$1,028 ","$1,355 ",$880 ,$0 ,$0 ,$0 ,$179 
New Hampshire,2012,"$8,232 ","$2,581 ",$0 ,$660 ,$61 ,$393 ,$0 ,$174 
New Jersey,2012,"$10,587 ","$2,902 ",$907 ,$456 ,"$1,246 ",$216 ,$72 ,$330 
New Mexico,2012,"$9,592 ",$691 ,"$1,404 ",$398 ,$539 ,$132 ,$0 ,$103 
New York,2012,"$14,969 ","$2,408 ","$1,262 ",$665 ,"$2,435 ",$533 ,$55 ,$165 
North Carolina,2012,"$8,551 ",$915 ,$804 ,$437 ,"$1,068 ",$125 ,$6 ,$105 
North Dakota,2012,"$13,450 ","$1,115 ","$1,818 ",$698 ,$613 ,$306 ,$0 ,$138 
Ohio,2012,"$9,081 ","$1,171 ",$873 ,$438 ,"$1,164 ",$26 ,$24 ,$131 
Oklahoma,2012,"$8,519 ",$601 ,"$1,129 ",$377 ,$727 ,$117 ,$0 ,$142 
Oregon,2012,"$9,935 ","$1,295 ",$0 ,$454 ,"$1,494 ",$124 ,$26 ,$268 
Pennsylvania,2012,"$9,153 ","$1,330 ",$766 ,$668 ,"$1,117 ",$167 ,$63 ,$241 
Rhode Island,2012,"$10,712 ","$2,206 ",$798 ,$612 ,"$1,005 ",$128 ,$40 ,$240 
South Carolina,2012,"$8,414 ","$1,038 ",$702 ,$326 ,$659 ,$54 ,$0 ,$116 
South Dakota,2012,"$8,215 ","$1,210 ","$1,372 ",$467 ,$0 ,$72 ,$0 ,$60 
Tennessee,2012,"$8,376 ",$796 ,"$1,215 ",$449 ,$28 ,$173 ,$23 ,$120 
Texas,2012,"$8,138 ","$1,547 ","$1,345 ",$532 ,$0 ,$0 ,$0 ,$107 
Utah,2012,"$8,459 ",$953 ,$871 ,$409 ,$862 ,$90 ,$0 ,$121 
Vermont,2012,"$10,887 ","$2,142 ",$557 ,"$1,006 ",$949 ,$153 ,$21 ,$208 
Virginia,2012,"$8,230 ","$1,384 ",$567 ,$459 ,"$1,246 ",$102 ,$0 ,$95 
Washington,2012,"$10,073 ","$1,340 ","$1,921 ",$694 ,$0 ,$0 ,$15 ,$211 
West Virginia,2012,"$9,163 ",$772 ,$687 ,$757 ,$945 ,$104 ,$0 ,$126 
Wisconsin,2012,"$8,893 ","$1,578 ",$807 ,$489 ,"$1,179 ",$163 ,$0 ,$219 
Wyoming,2012,"$18,089 ","$2,236 ","$1,587 ",$295 ,$0 ,$0 ,$0 ,$234 
Alabama,2013,"$9,463 ",$524 ,$876 ,$558 ,$680 ,$79 ,$0 ,$197 
Alaska,2013,"$23,824 ","$1,910 ",$295 ,$468 ,$0 ,$855 ,$0 ,$613 
Arizona,2013,"$8,820 ","$1,026 ","$1,440 ",$304 ,$518 ,$101 ,$0 ,$133 
Arkansas,2013,"$9,102 ",$659 ,"$1,305 ",$469 ,$897 ,$136 ,$0 ,$290 
California,2013,"$12,896 ","$1,370 ","$1,155 ",$499 ,"$1,745 ",$195 ,$0 ,$337 
Colorado,2013,"$10,399 ","$1,351 ","$1,095 ",$424 ,"$1,050 ",$124 ,$0 ,$304 
Connecticut,2013,"$12,306 ","$2,676 ","$1,063 ",$775 ,"$2,164 ",$158 ,$117 ,$477 
DC,2013,"$21,866 ","$3,055 ","$1,684 ",$660 ,"$2,545 ",$703 ,$62 ,$281 
Delaware,2013,"$11,835 ",$802 ,$0 ,$541 ,"$1,282 ",$340 ,$22 ,$267 
Florida,2013,"$8,834 ","$1,215 ","$1,160 ",$619 ,$0 ,$106 ,$0 ,$226 
Georgia,2013,"$8,249 ","$1,026 ",$916 ,$323 ,$879 ,$80 ,$0 ,$172 
Hawaii,2013,"$11,781 ",$934 ,"$2,191 ",$859 ,"$1,220 ",$87 ,$10 ,$479 
Idaho,2013,"$8,210 ",$892 ,$818 ,$300 ,$799 ,$124 ,$0 ,$399 
Illinois,2013,"$11,135 ","$1,983 ",$956 ,$711 ,"$1,276 ",$344 ,$24 ,$496 
Indiana,2013,"$8,396 ",$927 ,"$1,034 ",$573 ,$934 ,$119 ,$25 ,$239 
Iowa,2013,"$11,645 ","$1,497 ","$1,009 ",$426 ,"$1,141 ",$138 ,$28 ,$400 
Kansas,2013,"$10,021 ","$1,399 ","$1,310 ",$374 ,"$1,020 ",$133 ,$0 ,$296 
Kentucky,2013,"$8,668 ",$729 ,$684 ,$616 ,"$1,107 ",$174 ,$9 ,$234 
Louisiana,2013,"$10,500 ",$818 ,"$1,455 ",$537 ,$592 ,$55 ,$0 ,$108 
Maine,2013,"$9,982 ","$1,831 ",$804 ,$536 ,"$1,149 ",$129 ,$59 ,$267 
Maryland,2013,"$10,827 ","$1,480 ",$690 ,$672 ,"$2,052 ",$160 ,$39 ,$346 
Massachusetts,2013,"$12,166 ","$2,120 ",$767 ,$385 ,"$1,906 ",$280 ,$46 ,$565 
Michigan,2013,"$9,733 ","$1,310 ",$851 ,$413 ,$862 ,$90 ,$0 ,$381 
Minnesota,2013,"$12,073 ","$1,495 ","$1,093 ",$809 ,"$1,718 ",$225 ,$30 ,$509 
Mississippi,2013,"$10,055 ",$889 ,"$1,069 ",$498 ,$588 ,$139 ,$0 ,$179 
Missouri,2013,"$9,148 ",$958 ,$874 ,$372 ,$948 ,$75 ,$0 ,$223 
Montana,2013,"$10,180 ","$1,404 ",$0 ,$559 ,"$1,029 ",$168 ,$0 ,$313 
Nebraska,2013,"$12,156 ","$1,645 ","$1,073 ",$330 ,"$1,122 ",$147 ,$29 ,$191 
Nevada,2013,"$9,195 ",$980 ,"$1,515 ",$893 ,$0 ,$0 ,$0 ,$374 
New Hampshire,2013,"$9,519 ","$2,946 ",$0 ,$713 ,$74 ,$416 ,$0 ,$325 
New Jersey,2013,"$11,857 ","$2,970 ",$941 ,$436 ,"$1,348 ",$254 ,$69 ,$659 
New Mexico,2013,"$10,827 ",$666 ,"$1,383 ",$393 ,$583 ,$127 ,$0 ,$205 
New York,2013,"$16,859 ","$2,467 ","$1,291 ",$669 ,"$2,575 ",$585 ,$51 ,$326 
North Carolina,2013,"$9,300 ",$889 ,$797 ,$459 ,"$1,129 ",$131 ,$11 ,$233 
North Dakota,2013,"$15,717 ","$1,130 ","$2,013 ",$712 ,$882 ,$310 ,$0 ,$276 
Ohio,2013,"$10,772 ","$1,179 ",$887 ,$465 ,"$1,250 ",$40 ,$27 ,$240 
Oklahoma,2013,"$9,426 ",$600 ,"$1,152 ",$384 ,$758 ,$152 ,$0 ,$289 
Oregon,2013,"$12,078 ","$1,287 ",$0 ,$454 ,"$1,595 ",$132 ,$26 ,$532 
Pennsylvania,2013,"$10,424 ","$1,362 ",$768 ,$653 ,"$1,194 ",$200 ,$63 ,$726 
Rhode Island,2013,"$11,786 ","$2,245 ",$825 ,$619 ,"$1,020 ",$135 ,$29 ,$493 
South Carolina,2013,"$9,242 ","$1,058 ",$754 ,$325 ,$708 ,$82 ,$0 ,$192 
South Dakota,2013,"$9,967 ","$1,235 ","$1,404 ",$480 ,$0 ,$44 ,$0 ,$113 
Tennessee,2013,"$8,867 ",$835 ,"$1,236 ",$459 ,$40 ,$193 ,$18 ,$222 
Texas,2013,"$8,824 ","$1,584 ","$1,417 ",$555 ,$0 ,$0 ,$0 ,$206 
Utah,2013,"$9,421 ",$966 ,$871 ,$407 ,$981 ,$114 ,$0 ,$243 
Vermont,2013,"$11,701 ","$2,185 ",$564 ,"$1,019 ","$1,048 ",$167 ,$24 ,$434 
Virginia,2013,"$9,396 ","$1,405 ",$594 ,$477 ,"$1,318 ",$93 ,$0 ,$191 
Washington,2013,"$11,276 ","$1,344 ","$1,992 ",$696 ,$0 ,$0 ,$15 ,$398 
West Virginia,2013,"$9,819 ",$791 ,$680 ,$783 ,$967 ,$131 ,$0 ,$245 
Wisconsin,2013,"$11,096 ","$1,639 ",$826 ,$480 ,"$1,255 ",$166 ,$0 ,$428 
Wyoming,2013,"$19,508 ","$2,148 ","$1,474 ",$281 ,$0 ,$0 ,$0 ,$472 
Alabama,2014,"$9,084 ",$522 ,$885 ,$562 ,$678 ,$83 ,$0 ,$45 
Alaska,2014,"$22,090 ","$1,966 ",$302 ,$483 ,$0 ,$554 ,$0 ,$168 
Arizona,2014,"$9,003 ",$997 ,"$1,357 ",$306 ,$522 ,$87 ,$0 ,$40 
Arkansas,2014,"$9,591 ",$668 ,"$1,413 ",$470 ,$879 ,$135 ,$0 ,$90 
California,2014,"$14,041 ","$1,392 ","$1,256 ",$465 ,"$1,760 ",$229 ,$0 ,$122 
Colorado,2014,"$10,686 ","$1,373 ","$1,136 ",$418 ,"$1,059 ",$134 ,$0 ,$70 
Connecticut,2014,"$12,577 ","$2,758 ","$1,101 ",$775 ,"$2,150 ",$174 ,$41 ,$167 
DC,2014,"$22,529 ","$3,164 ","$1,734 ",$711 ,"$2,565 ",$635 ,$49 ,$249 
Delaware,2014,"$12,055 ",$829 ,$0 ,$530 ,"$1,172 ",$304 ,$2 ,$97 
Florida,2014,"$9,114 ","$1,180 ","$1,179 ",$607 ,$0 ,$103 ,$0 ,$43 
Georgia,2014,"$8,591 ","$1,092 ",$883 ,$328 ,$890 ,$94 ,$0 ,$50 
Hawaii,2014,"$12,357 ",$970 ,"$2,122 ",$876 ,"$1,217 ",$88 ,$10 ,$39 
Idaho,2014,"$8,610 ",$914 ,$838 ,$296 ,$816 ,$116 ,$0 ,$68 
Illinois,2014,"$11,575 ","$1,995 ",$984 ,$768 ,"$1,283 ",$342 ,$23 ,$129 
Indiana,2014,"$8,636 ",$898 ,"$1,060 ",$575 ,$929 ,$131 ,$13 ,$77 
Iowa,2014,"$12,175 ","$1,518 ","$1,045 ",$436 ,"$1,061 ",$125 ,$29 ,$116 
Kansas,2014,"$10,180 ","$1,430 ","$1,352 ",$400 ,$863 ,$113 ,$0 ,$75 
Kentucky,2014,"$9,275 ",$735 ,$707 ,$650 ,"$1,126 ",$185 ,$10 ,$89 
Louisiana,2014,"$10,742 ",$841 ,"$1,496 ",$540 ,$592 ,$104 ,$0 ,$35 
Maine,2014,"$10,547 ","$1,914 ",$892 ,$543 ,"$1,058 ",$137 ,$18 ,$71 
Maryland,2014,"$11,181 ","$1,476 ",$698 ,$775 ,"$2,084 ",$164 ,$36 ,$69 
Massachusetts,2014,"$12,900 ","$2,160 ",$809 ,$406 ,"$1,942 ",$322 ,$59 ,$224 
Michigan,2014,"$10,011 ","$1,324 ",$874 ,$417 ,$836 ,$88 ,$0 ,$145 
Minnesota,2014,"$12,330 ","$1,402 ","$1,014 ",$823 ,"$1,758 ",$242 ,$33 ,$145 
Mississippi,2014,"$10,420 ",$916 ,"$1,106 ",$505 ,$558 ,$176 ,$0 ,$35 
Missouri,2014,"$9,605 ",$954 ,$918 ,$372 ,$945 ,$71 ,$0 ,$96 
Montana,2014,"$10,496 ","$1,465 ",$0 ,$544 ,"$1,037 ",$146 ,$0 ,$74 
Nebraska,2014,"$12,643 ","$1,749 ","$1,116 ",$344 ,"$1,124 ",$162 ,$27 ,$54 
Nevada,2014,"$9,561 ",$962 ,"$1,575 ",$936 ,$0 ,$0 ,$0 ,$118 
New Hampshire,2014,"$9,511 ","$2,837 ",$0 ,$658 ,$69 ,$405 ,$0 ,$54 
New Jersey,2014,"$12,262 ","$3,010 ",$984 ,$447 ,"$1,325 ",$262 ,$76 ,$210 
New Mexico,2014,"$11,909 ",$728 ,"$1,454 ",$379 ,$619 ,$98 ,$0 ,$42 
New York,2014,"$18,170 ","$2,548 ","$1,373 ",$659 ,"$2,746 ",$577 ,$62 ,$119 
North Carolina,2014,"$9,738 ",$957 ,$829 ,$459 ,"$1,052 ",$138 ,$2 ,$86 
North Dakota,2014,"$16,598 ","$1,096 ","$2,046 ",$741 ,$670 ,$336 ,$0 ,$69 
Ohio,2014,"$11,405 ","$1,199 ","$1,053 ",$482 ,"$1,123 ",$20 ,$17 ,$94 
Oklahoma,2014,"$9,789 ",$624 ,"$1,190 ",$385 ,$765 ,$103 ,$0 ,$36 
Oregon,2014,"$12,848 ","$1,355 ",$0 ,$476 ,"$1,677 ",$140 ,$22 ,$142 
Pennsylvania,2014,"$10,432 ","$1,390 ",$783 ,$658 ,"$1,212 ",$214 ,$66 ,$162 
Rhode Island,2014,"$11,808 ","$2,269 ",$845 ,$604 ,"$1,034 ",$128 ,$38 ,$173 
South Carolina,2014,"$9,945 ","$1,087 ",$793 ,$328 ,$721 ,$76 ,$0 ,$56 
South Dakota,2014,"$10,402 ","$1,309 ","$1,480 ",$487 ,$0 ,$29 ,$0 ,$31 
Tennessee,2014,"$9,145 ",$837 ,"$1,254 ",$470 ,$36 ,$179 ,$16 ,$67 
Texas,2014,"$9,407 ","$1,639 ","$1,458 ",$569 ,$0 ,$0 ,$0 ,$39 
Utah,2014,"$9,572 ",$970 ,$851 ,$405 ,$979 ,$104 ,$0 ,$43 
Vermont,2014,"$12,211 ","$2,377 ",$576 ,"$1,056 ","$1,065 ",$167 ,$56 ,$109 
Virginia,2014,"$9,727 ","$1,456 ",$583 ,$466 ,"$1,305 ",$89 ,$0 ,$39 
Washington,2014,"$12,212 ","$1,367 ","$2,090 ",$682 ,$0 ,$0 ,$22 ,$145 
West Virginia,2014,"$10,182 ",$852 ,$667 ,$768 ,$955 ,$110 ,$0 ,$77 
Wisconsin,2014,"$11,204 ","$1,651 ",$862 ,$488 ,"$1,176 ",$170 ,$0 ,$113 
Wyoming,2014,"$19,547 ","$2,250 ","$1,649 ",$343 ,$0 ,$0 ,$0 ,$93 
Alabama,2015,"$8,886 ",$526 ,$922 ,$573 ,$703 ,$109 ,$0 ,$67 
Alaska,2015,"$16,143 ","$1,997 ",$319 ,$496 ,$0 ,$308 ,$0 ,$275 
Arizona,2015,"$8,463 ","$1,043 ","$1,328 ",$307 ,$560 ,$103 ,$0 ,$69 
Arkansas,2015,"$9,038 ",$690 ,"$1,435 ",$484 ,$897 ,$160 ,$0 ,$121 
California,2015,"$12,926 ","$1,462 ","$1,297 ",$501 ,"$2,000 ",$231 ,$0 ,$161 
Colorado,2015,"$10,169 ","$1,354 ","$1,190 ",$427 ,"$1,169 ",$123 ,$0 ,$131 
Connecticut,2015,"$12,001 ","$2,829 ","$1,130 ",$684 ,"$2,265 ",$180 ,$44 ,$226 
DC,2015,"$22,624 ","$3,383 ","$1,977 ",$655 ,"$2,807 ",$673 ,$73 ,$243 
Delaware,2015,"$10,912 ",$856 ,$0 ,$545 ,"$1,268 ",$430 ,$6 ,$148 
Florida,2015,"$8,314 ","$1,216 ","$1,184 ",$604 ,$0 ,$111 ,$0 ,$76 
Georgia,2015,"$7,705 ","$1,124 ",$902 ,$341 ,$950 ,$98 ,$0 ,$82 
Hawaii,2015,"$11,861 ","$1,059 ","$2,224 ",$914 ,"$1,374 ",$50 ,$8 ,$165 
Idaho,2015,"$7,951 ",$936 ,$882 ,$314 ,$889 ,$131 ,$0 ,$98 
Illinois,2015,"$10,504 ","$2,044 ","$1,006 ",$769 ,"$1,227 ",$313 ,$27 ,$194 
Indiana,2015,"$8,820 ",$924 ,"$1,098 ",$537 ,$989 ,$136 ,$1 ,$106 
Iowa,2015,"$11,733 ","$1,546 ","$1,071 ",$474 ,"$1,140 ",$148 ,$29 ,$137 
Kansas,2015,"$9,623 ","$1,434 ","$1,396 ",$408 ,$775 ,$157 ,$0 ,$142 
Kentucky,2015,"$8,991 ",$757 ,$735 ,$644 ,"$1,208 ",$205 ,$11 ,$122 
Louisiana,2015,"$9,419 ",$866 ,"$1,521 ",$578 ,$639 ,$54 ,$0 ,$50 
Maine,2015,"$9,368 ","$2,004 ",$959 ,$543 ,"$1,148 ",$127 ,$23 ,$116 
Maryland,2015,"$10,681 ","$1,544 ",$729 ,$810 ,"$2,185 ",$166 ,$40 ,$112 
Massachusetts,2015,"$12,270 ","$2,235 ",$845 ,$414 ,"$2,111 ",$324 ,$50 ,$230 
Michigan,2015,"$9,524 ","$1,361 ",$922 ,$420 ,$932 ,$119 ,$0 ,$148 
Minnesota,2015,"$11,988 ","$1,519 ","$1,026 ",$848 ,"$1,882 ",$268 ,$26 ,$173 
Mississippi,2015,"$9,862 ",$956 ,"$1,147 ",$524 ,$597 ,$179 ,$0 ,$57 
Missouri,2015,"$8,874 ",$968 ,$963 ,$385 ,"$1,026 ",$83 ,$0 ,$103 
Montana,2015,"$9,634 ","$1,505 ",$0 ,$591 ,"$1,141 ",$162 ,$0 ,$141 
Nebraska,2015,"$12,184 ","$1,845 ","$1,134 ",$322 ,"$1,176 ",$181 ,$28 ,$58 
Nevada,2015,"$8,854 ",$971 ,"$1,648 ",$957 ,$0 ,$0 ,$0 ,$185 
New Hampshire,2015,"$9,263 ","$3,047 ",$0 ,$724 ,$71 ,$429 ,$0 ,$74 
New Jersey,2015,"$11,730 ","$3,030 ","$1,008 ",$440 ,"$1,460 ",$284 ,$87 ,$307 
New Mexico,2015,"$11,535 ",$766 ,"$1,546 ",$401 ,$659 ,$119 ,$0 ,$129 
New York,2015,"$16,817 ","$2,631 ","$1,428 ",$655 ,"$2,774 ",$604 ,$55 ,$180 
North Carolina,2015,"$9,173 ",$960 ,$949 ,$433 ,"$1,124 ",$133 ,$0 ,$138 
North Dakota,2015,"$16,173 ","$1,191 ","$2,143 ",$751 ,$703 ,$244 ,$0 ,$159 
Ohio,2015,"$10,403 ","$1,224 ","$1,213 ",$474 ,"$1,184 ",$20 ,$6 ,$100 
Oklahoma,2015,"$8,998 ",$668 ,"$1,223 ",$388 ,$933 ,$100 ,$0 ,$79 
Oregon,2015,"$12,245 ","$1,403 ",$0 ,$494 ,"$1,819 ",$173 ,$28 ,$253 
Pennsylvania,2015,"$10,220 ","$1,428 ",$825 ,$706 ,"$1,267 ",$231 ,$75 ,$239 
Rhode Island,2015,"$11,470 ","$2,293 ",$891 ,$639 ,"$1,128 ",$164 ,$39 ,$248 
South Carolina,2015,"$9,643 ","$1,129 ",$835 ,$329 ,$762 ,$78 ,$0 ,$96 
South Dakota,2015,"$8,832 ","$1,367 ","$1,563 ",$508 ,$0 ,$5 ,$0 ,$49 
Tennessee,2015,"$8,506 ",$861 ,"$1,315 ",$486 ,$46 ,$212 ,$13 ,$54 
Texas,2015,"$8,591 ","$1,740 ","$1,499 ",$589 ,$0 ,$0 ,$0 ,$83 
Utah,2015,"$9,329 ",$966 ,$871 ,$462 ,"$1,053 ",$123 ,$0 ,$99 
Vermont,2015,"$11,976 ","$2,503 ",$595 ,"$1,052 ","$1,115 ",$177 ,$16 ,$226 
Virginia,2015,"$9,371 ","$1,514 ",$613 ,$497 ,"$1,419 ",$97 ,$0 ,$84 
Washington,2015,"$11,493 ","$1,406 ","$2,196 ",$716 ,$0 ,$0 ,$21 ,$189 
West Virginia,2015,"$9,415 ",$875 ,$709 ,$763 ,"$1,047 ",$102 ,$0 ,$115 
Wisconsin,2015,"$10,175 ","$1,602 ",$911 ,$492 ,"$1,220 ",$178 ,$0 ,$190 
Wyoming,2015,"$19,262 ","$2,306 ","$1,695 ",$381 ,$0 ,$0 ,$0 ,$168 
Alabama,2016,"$9,462 ",$546 ,$981 ,$594 ,$759 ,$96 ,$0 ,$57 
Alaska,2016,"$15,465 ","$2,042 ",$316 ,$504 ,$0 ,$91 ,$0 ,$234 
Arizona,2016,"$8,683 ","$1,078 ","$1,451 ",$343 ,$584 ,$84 ,$0 ,$71 
Arkansas,2016,"$8,952 ",$706 ,"$1,488 ",$499 ,$933 ,$151 ,$0 ,$105 
California,2016,"$13,053 ","$1,562 ","$1,335 ",$463 ,"$2,059 ",$252 ,$0 ,$159 
Colorado,2016,"$9,966 ","$1,430 ","$1,234 ",$462 ,"$1,173 ",$113 ,$0 ,$120 
Connecticut,2016,"$11,864 ","$2,911 ","$1,040 ",$767 ,"$2,095 ",$212 ,$54 ,$226 
DC,2016,"$21,709 ","$3,590 ","$1,993 ",$654 ,"$2,831 ",$826 ,$80 ,$234 
Delaware,2016,"$10,792 ",$860 ,$0 ,$583 ,"$1,228 ",$340 ,$10 ,$136 
Florida,2016,"$8,022 ","$1,271 ","$1,200 ",$617 ,$0 ,$111 ,$0 ,$51 
Georgia,2016,"$7,591 ","$1,163 ",$881 ,$405 ,"$1,012 ",$95 ,$0 ,$75 
Hawaii,2016,"$11,980 ","$1,118 ","$2,361 ",$910 ,"$1,452 ",$74 ,$34 ,$132 
Idaho,2016,"$7,776 ",$945 ,$921 ,$357 ,$897 ,$111 ,$0 ,$87 
Illinois,2016,"$9,915 ","$2,128 ","$1,082 ",$782 ,$977 ,$212 ,$25 ,$175 
Indiana,2016,"$9,072 ",$947 ,"$1,097 ",$541 ,$982 ,$155 ,$0 ,$135 
Iowa,2016,"$11,669 ","$1,573 ","$1,105 ",$539 ,"$1,161 ",$120 ,$28 ,$131 
Kansas,2016,"$9,622 ","$1,499 ","$1,479 ",$464 ,$763 ,$134 ,$0 ,$116 
Kentucky,2016,"$9,043 ",$776 ,$777 ,$633 ,"$1,266 ",$176 ,$12 ,$121 
Louisiana,2016,"$9,108 ",$887 ,"$1,594 ",$534 ,$612 ,$37 ,$0 ,$47 
Maine,2016,"$9,378 ","$2,092 ","$1,014 ",$541 ,"$1,158 ",$103 ,$20 ,$106 
Maryland,2016,"$10,723 ","$1,533 ",$741 ,$885 ,"$2,255 ",$186 ,$62 ,$106 
Massachusetts,2016,"$12,393 ","$2,329 ",$882 ,$441 ,"$2,089 ",$338 ,$58 ,$207 
Michigan,2016,"$9,869 ","$1,401 ",$925 ,$434 ,$968 ,$105 ,$0 ,$135 
Minnesota,2016,"$11,492 ","$1,559 ","$1,037 ",$853 ,"$1,932 ",$273 ,$33 ,$151 
Mississippi,2016,"$9,871 ",$988 ,"$1,105 ",$534 ,$603 ,$155 ,$0 ,$50 
Missouri,2016,"$8,639 ",$976 ,"$1,007 ",$395 ,"$1,053 ",$66 ,$0 ,$97 
Montana,2016,"$9,208 ","$1,512 ",$0 ,$547 ,"$1,129 ",$114 ,$0 ,$110 
Nebraska,2016,"$11,807 ","$1,896 ","$1,131 ",$350 ,"$1,168 ",$160 ,$29 ,$53 
Nevada,2016,"$9,052 ","$1,006 ","$1,703 ","$1,005 ",$0 ,$0 ,$0 ,$193 
New Hampshire,2016,"$9,402 ","$3,100 ",$0 ,$712 ,$70 ,$425 ,$0 ,$59 
New Jersey,2016,"$11,382 ","$3,053 ","$1,016 ",$450 ,"$1,464 ",$244 ,$84 ,$299 
New Mexico,2016,"$11,164 ",$732 ,"$1,418 ",$460 ,$497 ,$43 ,$0 ,$166 
New York,2016,"$16,213 ","$2,737 ","$1,477 ",$675 ,"$2,891 ",$527 ,$68 ,$166 
North Carolina,2016,"$9,189 ",$983 ,$990 ,$440 ,"$1,195 ",$106 ,$0 ,$147 
North Dakota,2016,"$13,013 ","$1,281 ","$1,677 ",$660 ,$459 ,$135 ,$0 ,$158 
Ohio,2016,"$10,001 ","$1,253 ","$1,251 ",$531 ,"$1,146 ",$21 ,$4 ,$94 
Oklahoma,2016,"$8,362 ",$698 ,"$1,151 ",$373 ,$849 ,$84 ,$0 ,$56 
Oregon,2016,"$11,711 ","$1,447 ",$0 ,$482 ,"$1,860 ",$175 ,$31 ,$239 
Pennsylvania,2016,"$10,428 ","$1,462 ",$862 ,$736 ,"$1,309 ",$226 ,$72 ,$242 
Rhode Island,2016,"$11,362 ","$2,360 ",$900 ,$666 ,"$1,142 ",$133 ,$70 ,$257 
South Carolina,2016,"$9,510 ","$1,175 ",$752 ,$336 ,$788 ,$83 ,$0 ,$84 
South Dakota,2016,"$8,535 ","$1,387 ","$1,678 ",$574 ,$0 ,$39 ,$0 ,$45 
Tennessee,2016,"$8,483 ",$831 ,"$1,361 ",$495 ,$49 ,$231 ,$9 ,$49 
Texas,2016,"$8,896 ","$1,812 ","$1,430 ",$591 ,$0 ,$0 ,$0 ,$78 
Utah,2016,"$9,072 ","$1,010 ",$924 ,$503 ,"$1,102 ",$109 ,$0 ,$78 
Vermont,2016,"$12,272 ","$2,540 ",$604 ,"$1,053 ","$1,147 ",$204 ,$20 ,$226 
Virginia,2016,"$9,364 ","$1,540 ",$626 ,$524 ,"$1,449 ",$89 ,$0 ,$71 
Washington,2016,"$11,657 ","$1,434 ","$2,344 ",$766 ,$0 ,$0 ,$19 ,$174 
West Virginia,2016,"$9,251 ",$912 ,$714 ,$799 ,"$1,007 ",$63 ,$0 ,$107 
Wisconsin,2016,"$9,289 ","$1,617 ",$940 ,$484 ,"$1,288 ",$170 ,$0 ,$164 
Wyoming,2016,"$16,783 ","$2,373 ","$1,304 ",$373 ,$0 ,$0 ,$0 ,$112 
Alabama,2017,"$10,108 ",$573 ,"$1,021 ",$605 ,$757 ,$105 ,$0 ,$44 
Alaska,2017,"$19,325 ","$2,114 ",$315 ,$516 ,$0 ,$118 ,$0 ,$210 
Arizona,2017,"$9,766 ","$1,110 ","$1,506 ",$332 ,$601 ,$55 ,$0 ,$72 
Arkansas,2017,"$10,533 ",$739 ,"$1,528 ",$515 ,$925 ,$133 ,$0 ,$83 
California,2017,"$15,721 ","$1,607 ","$1,344 ",$479 ,"$2,136 ",$257 ,$0 ,$154 
Colorado,2017,"$11,023 ","$1,545 ","$1,331 ",$486 ,"$1,213 ",$94 ,$0 ,$121 
Connecticut,2017,"$13,784 ","$2,988 ","$1,174 ",$764 ,"$2,206 ",$249 ,$61 ,$221 
DC,2017,"$22,450 ","$3,731 ","$2,084 ",$656 ,"$2,876 ",$814 ,$61 ,$246 
Delaware,2017,"$12,201 ",$919 ,$0 ,$596 ,"$1,228 ",$263 ,$2 ,$117 
Florida,2017,"$9,216 ","$1,328 ","$1,330 ",$604 ,$0 ,$114 ,$0 ,$38 
Georgia,2017,"$8,807 ","$1,165 ",$891 ,$424 ,"$1,053 ",$93 ,$0 ,$69 
Hawaii,2017,"$14,009 ","$1,207 ","$2,374 ",$910 ,"$1,437 ",$127 ,$13 ,$111 
Idaho,2017,"$9,021 ","$1,008 ",$956 ,$362 ,$957 ,$125 ,$0 ,$89 
Illinois,2017,"$11,495 ","$2,214 ","$1,115 ",$805 ,"$1,026 ",$223 ,$22 ,$166 
Indiana,2017,"$9,564 ",$993 ,"$1,130 ",$550 ,$982 ,$153 ,$0 ,$86 
Iowa,2017,"$12,195 ","$1,623 ","$1,122 ",$530 ,"$1,188 ",$137 ,$27 ,$155 
Kansas,2017,"$10,879 ","$1,523 ","$1,477 ",$468 ,$796 ,$132 ,$0 ,$88 
Kentucky,2017,"$10,119 ",$826 ,$780 ,$644 ,"$1,306 ",$143 ,$10 ,$116 
Louisiana,2017,"$11,086 ",$894 ,"$1,826 ",$623 ,$631 ,$62 ,$0 ,$46 
Maine,2017,"$10,858 ","$2,106 ","$1,072 ",$543 ,"$1,141 ",$130 ,$9 ,$90 
Maryland,2017,"$11,873 ","$1,578 ",$754 ,$883 ,"$2,356 ",$164 ,$37 ,$95 
Massachusetts,2017,"$13,728 ","$2,402 ",$897 ,$429 ,"$2,116 ",$316 ,$48 ,$212 
Michigan,2017,"$10,891 ","$1,402 ",$994 ,$457 ,$990 ,$119 ,$0 ,$129 
Minnesota,2017,"$13,150 ","$1,588 ","$1,089 ",$881 ,"$1,955 ",$219 ,$23 ,$106 
Mississippi,2017,"$10,984 ","$1,014 ","$1,168 ",$529 ,$603 ,$137 ,$1 ,$42 
Missouri,2017,"$10,019 ","$1,031 ","$1,054 ",$397 ,"$1,073 ",$63 ,$0 ,$81 
Montana,2017,"$10,934 ","$1,579 ",$0 ,$599 ,"$1,116 ",$118 ,$0 ,$92 
Nebraska,2017,"$12,708 ","$1,914 ","$1,155 ",$339 ,"$1,152 ",$137 ,$29 ,$45 
Nevada,2017,"$10,626 ","$1,017 ","$1,856 ","$1,064 ",$0 ,$0 ,$0 ,$202 
New Hampshire,2017,"$10,362 ","$3,281 ",$0 ,$708 ,$48 ,$422 ,$0 ,$52 
New Jersey,2017,"$12,763 ","$3,197 ","$1,045 ",$518 ,"$1,521 ",$230 ,$82 ,$260 
New Mexico,2017,"$12,240 ",$789 ,"$1,598 ",$431 ,$497 ,$43 ,$0 ,$120 
New York,2017,"$18,839 ","$2,816 ","$1,505 ",$680 ,"$2,792 ",$524 ,$59 ,$147 
North Carolina,2017,"$10,191 ",$989 ,"$1,040 ",$440 ,"$1,188 ",$74 ,$0 ,$102 
North Dakota,2017,"$13,798 ","$1,475 ","$1,454 ",$659 ,$417 ,$79 ,$0 ,$217 
Ohio,2017,"$11,850 ","$1,307 ","$1,278 ",$552 ,"$1,193 ",$19 ,$3 ,$104 
Oklahoma,2017,"$9,483 ",$735 ,"$1,163 ",$370 ,$759 ,$40 ,$0 ,$59 
Oregon,2017,"$14,008 ","$1,487 ",$0 ,$511 ,"$2,020 ",$173 ,$48 ,$233 
Pennsylvania,2017,"$11,581 ","$1,506 ",$883 ,$785 ,"$1,324 ",$220 ,$72 ,$241 
Rhode Island,2017,"$12,289 ","$2,394 ",$918 ,$669 ,"$1,142 ",$120 ,$65 ,$236 
South Carolina,2017,"$10,571 ","$1,190 ",$785 ,$340 ,$834 ,$69 ,$0 ,$76 
South Dakota,2017,"$10,407 ","$1,555 ","$1,648 ",$556 ,$0 ,$35 ,$0 ,$46 
Tennessee,2017,"$10,707 ",$813 ,"$1,344 ",$499 ,$37 ,$256 ,$2 ,$44 
Texas,2017,"$9,763 ","$1,882 ","$1,433 ",$597 ,$0 ,$0 ,$0 ,$91 
Utah,2017,"$10,188 ","$1,019 ","$1,081 ",$448 ,"$1,214 ",$104 ,$0 ,$64 
Vermont,2017,"$12,765 ","$2,522 ",$610 ,"$1,086 ","$1,164 ",$174 ,$26 ,$226 
Virginia,2017,"$10,487 ","$1,646 ",$629 ,$533 ,"$1,535 ",$97 ,$1 ,$61 
Washington,2017,"$13,486 ","$1,493 ","$2,472 ",$829 ,$0 ,$0 ,$23 ,$155 
West Virginia,2017,"$10,706 ",$941 ,$761 ,$780 ,$995 ,$64 ,$0 ,$107 
Wisconsin,2017,"$10,967 ","$1,638 ",$961 ,$491 ,"$1,335 ",$164 ,$0 ,$133 
Wyoming,2017,"$17,914 ","$2,174 ","$1,177 ",$368 ,$0 ,$0 ,$0 ,$110 
Alabama,2018,"$10,337 ",$572 ,"$1,049 ",$643 ,$812 ,$116 ,$0 ,$46 
Alaska,2018,"$18,679 ","$2,187 ",$338 ,$518 ,$0 ,$266 ,$0 ,$190 
Arizona,2018,"$9,974 ","$1,130 ","$1,592 ",$337 ,$652 ,$54 ,$0 ,$74 
Arkansas,2018,"$10,442 ",$813 ,"$1,587 ",$520 ,$956 ,$130 ,$0 ,$69 
California,2018,"$16,695 ","$1,705 ","$1,421 ",$606 ,"$2,407 ",$316 ,$0 ,$152 
Colorado,2018,"$12,416 ","$1,561 ","$1,393 ",$521 ,"$1,323 ",$138 ,$0 ,$108 
Connecticut,2018,"$13,728 ","$3,051 ","$1,210 ",$882 ,"$2,693 ",$213 ,$52 ,$209 
DC,2018,"$23,264 ","$3,827 ","$2,178 ",$647 ,"$3,015 ",$838 ,$52 ,$235 
Delaware,2018,"$12,973 ",$925 ,$0 ,$621 ,"$1,702 ",$269 ,$5 ,$104 
Florida,2018,"$9,492 ","$1,363 ","$1,526 ",$607 ,$0 ,$115 ,$0 ,$27 
Georgia,2018,"$9,058 ","$1,203 ",$926 ,$436 ,"$1,106 ",$95 ,$0 ,$61 
Hawaii,2018,"$13,893 ","$1,321 ","$2,585 ",$965 ,"$1,664 ",$101 ,$20 ,$120 
Idaho,2018,"$9,068 ","$1,012 ","$1,018 ",$363 ,"$1,038 ",$136 ,$0 ,$89 
Illinois,2018,"$12,346 ","$2,263 ","$1,118 ",$832 ,"$1,341 ",$258 ,$30 ,$155 
Indiana,2018,"$10,332 ",$975 ,"$1,159 ",$679 ,"$1,416 ",$104 ,$0 ,$78 
Iowa,2018,"$12,247 ","$1,669 ","$1,141 ",$530 ,"$1,262 ",$140 ,$26 ,$142 
Kansas,2018,"$11,234 ","$1,598 ","$1,526 ",$502 ,"$1,165 ",$149 ,$0 ,$96 
Kentucky,2018,"$10,170 ",$832 ,$802 ,$649 ,"$1,328 ",$208 ,$11 ,$95 
Louisiana,2018,"$11,043 ",$856 ,"$1,858 ",$630 ,$695 ,$77 ,$0 ,$46 
Maine,2018,"$11,061 ","$2,238 ","$1,132 ",$539 ,"$1,189 ",$138 ,$10 ,$85 
Maryland,2018,"$12,098 ","$1,690 ",$768 ,$921 ,"$2,430 ",$168 ,$45 ,$86 
Massachusetts,2018,"$14,341 ","$2,496 ",$928 ,$425 ,"$2,328 ",$344 ,$68 ,$230 
Michigan,2018,"$11,109 ","$1,453 ",$953 ,$504 ,"$1,064 ",$96 ,$0 ,$126 
Minnesota,2018,"$14,107 ","$1,675 ","$1,077 ",$890 ,"$2,103 ",$240 ,$38 ,$136 
Mississippi,2018,"$10,743 ","$1,053 ","$1,196 ",$533 ,$623 ,$147 ,$0 ,$37 
Missouri,2018,"$10,137 ","$1,052 ","$1,119 ",$408 ,"$1,130 ",$67 ,$0 ,$66 
Montana,2018,"$12,955 ","$1,655 ",$0 ,$624 ,"$1,223 ",$165 ,$0 ,$103 
Nebraska,2018,"$12,993 ","$2,029 ","$1,194 ",$350 ,"$1,213 ",$161 ,$27 ,$41 
Nevada,2018,"$10,699 ","$1,049 ","$1,951 ","$1,098 ",$0 ,$0 ,$0 ,$219 
New Hampshire,2018,"$10,651 ","$3,332 ",$0 ,$756 ,$77 ,$579 ,$0 ,$53 
New Jersey,2018,"$13,055 ","$3,315 ","$1,135 ",$555 ,"$1,631 ",$243 ,$66 ,$247 
New Mexico,2018,"$12,377 ",$824 ,"$1,544 ",$433 ,$509 ,$53 ,$0 ,$73 
New York,2018,"$19,352 ","$2,907 ","$1,575 ",$700 ,"$3,229 ",$487 ,$65 ,$129 
North Carolina,2018,"$10,153 ","$1,018 ","$1,076 ",$460 ,"$1,227 ",$72 ,$1 ,$65 
North Dakota,2018,"$15,199 ","$1,389 ","$1,494 ",$665 ,$477 ,$139 ,$0 ,$221 
Ohio,2018,"$12,309 ","$1,358 ","$1,246 ",$550 ,"$1,233 ",$23 ,$1 ,$102 
Oklahoma,2018,"$9,639 ",$764 ,"$1,300 ",$380 ,$830 ,$60 ,$0 ,$63 
Oregon,2018,"$14,306 ","$1,574 ",$0 ,$537 ,"$2,123 ",$215 ,$42 ,$238 
Pennsylvania,2018,"$12,252 ","$1,550 ",$914 ,$818 ,"$1,399 ",$227 ,$76 ,$231 
Rhode Island,2018,"$12,268 ","$2,389 ",$961 ,$610 ,"$1,217 ",$108 ,$94 ,$210 
South Carolina,2018,"$10,640 ","$1,241 ",$812 ,$399 ,$883 ,$80 ,$0 ,$71 
South Dakota,2018,"$10,062 ","$1,559 ","$1,698 ",$586 ,$0 ,$37 ,$0 ,$38 
Tennessee,2018,"$10,149 ",$802 ,"$1,562 ",$518 ,$36 ,$242 ,$0 ,$40 
Texas,2018,"$10,255 ","$2,002 ","$1,553 ",$624 ,$0 ,$0 ,$0 ,$92 
Utah,2018,"$11,397 ","$1,043 ","$1,188 ",$485 ,"$1,466 ",$145 ,$0 ,$57 
Vermont,2018,"$12,998 ","$2,583 ",$643 ,"$1,174 ","$1,279 ",$173 ,$36 ,$211 
Virginia,2018,"$10,332 ","$1,725 ",$642 ,$611 ,"$1,650 ",$136 ,$0 ,$53 
Washington,2018,"$14,234 ","$1,618 ","$2,657 ",$852 ,$0 ,$0 ,$28 ,$148 
West Virginia,2018,"$10,487 ",$950 ,$759 ,$828 ,"$1,077 ",$61 ,$0 ,$114 
Wisconsin,2018,"$12,493 ","$1,628 ","$1,002 ",$501 ,"$1,406 ",$157 ,$0 ,$111 
Wyoming,2018,"$18,765 ","$1,968 ","$1,375 ",$359 ,$0 ,$0 ,$0 ,$124 
Alabama,2019,"$10,697 ",$601 ,"$1,151 ",$633 ,$866 ,$137 ,$0 ,$44 
Alaska,2019,"$18,933 ","$2,212 ",$378 ,$598 ,$0 ,$453 ,$0 ,$181 
Arizona,2019,"$10,166 ","$1,181 ","$1,695 ",$344 ,$758 ,$74 ,$0 ,$63 
Arkansas,2019,"$10,220 ",$784 ,"$1,629 ",$524 ,"$1,003 ",$178 ,$0 ,$60 
California,2019,"$16,722 ","$1,863 ","$1,460 ",$634 ,"$2,531 ",$349 ,$0 ,$150 
Colorado,2019,"$11,097 ","$1,805 ","$1,433 ",$539 ,"$1,425 ",$139 ,$0 ,$100 
Connecticut,2019,"$14,240 ","$3,179 ","$1,272 ",$887 ,"$2,341 ",$573 ,$58 ,$204 
DC,2019,"$23,689 ","$4,075 ","$2,316 ",$627 ,"$3,345 ",$935 ,$32 ,$234 
Delaware,2019,"$12,742 ",$950 ,$0 ,$635 ,"$1,775 ",$302 ,$2 ,$92 
Florida,2019,"$9,385 ","$1,447 ","$1,457 ",$594 ,$0 ,$146 ,$0 ,$22 
Georgia,2019,"$9,104 ","$1,282 ",$973 ,$446 ,"$1,144 ",$119 ,$0 ,$56 
Hawaii,2019,"$14,068 ","$1,414 ","$2,806 ","$1,018 ","$1,763 ",$131 ,$13 ,$127 
Idaho,2019,"$9,111 ","$1,083 ","$1,062 ",$371 ,$923 ,$158 ,$0 ,$70 
Illinois,2019,"$11,522 ","$2,290 ","$1,166 ",$868 ,"$1,460 ",$297 ,$32 ,$140 
Indiana,2019,"$10,595 ","$1,102 ","$1,196 ",$702 ,"$1,501 ",$111 ,$0 ,$70 
Iowa,2019,"$12,680 ","$1,752 ","$1,174 ",$544 ,"$1,321 ",$168 ,$24 ,$131 
Kansas,2019,"$11,357 ","$1,645 ","$1,500 ",$477 ,"$1,288 ",$166 ,$0 ,$97 
Kentucky,2019,"$10,308 ",$885 ,$886 ,$693 ,"$1,379 ",$212 ,$10 ,$84 
Louisiana,2019,"$10,767 ",$913 ,"$1,777 ",$663 ,$822 ,$106 ,$0 ,$46 
Maine,2019,"$11,503 ","$2,588 ","$1,188 ",$532 ,"$1,259 ",$186 ,$12 ,$88 
Maryland,2019,"$12,233 ","$1,680 ",$793 ,$942 ,"$2,582 ",$211 ,$53 ,$80 
Massachusetts,2019,"$13,956 ","$2,544 ",$974 ,$454 ,"$2,444 ",$420 ,$86 ,$257 
Michigan,2019,"$10,728 ","$1,511 ",$954 ,$496 ,"$1,069 ",$113 ,$0 ,$119 
Minnesota,2019,"$13,759 ","$1,696 ","$1,144 ",$917 ,"$2,181 ",$301 ,$39 ,$130 
Mississippi,2019,"$10,885 ","$1,116 ","$1,257 ",$545 ,$663 ,$167 ,$0 ,$34 
Missouri,2019,"$10,003 ","$1,147 ","$1,142 ",$401 ,"$1,147 ",$74 ,$0 ,$59 
Montana,2019,"$11,087 ","$1,759 ",$0 ,$633 ,"$1,314 ",$172 ,$0 ,$115 
Nebraska,2019,"$12,882 ","$1,985 ","$1,223 ",$354 ,"$1,302 ",$217 ,$32 ,$39 
Nevada,2019,"$11,077 ","$1,108 ","$2,059 ","$1,127 ",$0 ,$0 ,$0 ,$217 
New Hampshire,2019,"$10,322 ","$3,171 ",$0 ,$706 ,$89 ,$606 ,$0 ,$43 
New Jersey,2019,"$13,190 ","$3,366 ","$1,171 ",$556 ,"$1,718 ",$422 ,$53 ,$232 
New Mexico,2019,"$14,111 ",$880 ,"$2,000 ",$444 ,$754 ,$96 ,$0 ,$63 
New York,2019,"$19,012 ","$3,029 ","$1,648 ",$718 ,"$3,071 ",$524 ,$53 ,$119 
North Carolina,2019,"$10,486 ","$1,056 ","$1,127 ",$471 ,"$1,279 ",$81 ,$0 ,$49 
North Dakota,2019,"$15,841 ","$1,447 ","$1,694 ",$701 ,$535 ,$189 ,$0 ,$151 
Ohio,2019,"$11,093 ","$1,383 ","$1,267 ",$590 ,"$1,277 ",$23 ,$0 ,$94 
Oklahoma,2019,"$10,015 ",$829 ,"$1,376 ",$441 ,$904 ,$77 ,$0 ,$65 
Oregon,2019,"$14,847 ","$1,670 ",$0 ,$600 ,"$2,336 ",$239 ,$49 ,$219 
Pennsylvania,2019,"$12,112 ","$1,603 ",$982 ,$842 ,"$1,482 ",$271 ,$78 ,$228 
Rhode Island,2019,"$12,340 ","$2,422 ","$1,023 ",$721 ,"$1,258 ",$161 ,$40 ,$204 
South Carolina,2019,"$10,722 ","$1,267 ",$908 ,$429 ,$937 ,$78 ,$0 ,$61 
South Dakota,2019,"$9,577 ","$1,605 ","$1,717 ",$592 ,$0 ,$52 ,$0 ,$35 
Tennessee,2019,"$10,094 ",$828 ,"$1,668 ",$524 ,$29 ,$247 ,$0 ,$40 
Texas,2019,"$10,162 ","$2,136 ","$1,623 ",$642 ,$0 ,$0 ,$0 ,$84 
Utah,2019,"$10,695 ","$1,137 ","$1,231 ",$520 ,"$1,540 ",$162 ,$0 ,$50 
Vermont,2019,"$13,332 ","$2,760 ",$666 ,"$1,192 ","$1,341 ",$233 ,$20 ,$183 
Virginia,2019,"$11,366 ","$1,764 ",$800 ,$652 ,"$1,735 ",$145 ,$0 ,$46 
Washington,2019,"$14,008 ","$1,653 ","$2,840 ",$868 ,$0 ,$0 ,$39 ,$144 
West Virginia,2019,"$10,617 ",$957 ,$796 ,$839 ,"$1,165 ",$110 ,$0 ,$121 
Wisconsin,2019,"$9,493 ","$1,669 ","$1,047 ",$501 ,"$1,490 ",$222 ,$0 ,$100 
Wyoming,2019,"$16,505 ","$2,084 ","$1,523 ",$378 ,$0 ,$0 ,$0 ,$128 
Alabama,2020,"$11,087 ",$632 ,"$1,221 ",$680 ,$877 ,$150 ,$0 ,$40 
Alaska,2020,"$19,295 ","$2,279 ",$351 ,$567 ,$0 ,$266 ,$0 ,$177 
Arizona,2020,"$10,283 ","$1,192 ","$1,726 ",$334 ,$630 ,$74 ,$0 ,$55 
Arkansas,2020,"$11,415 ",$790 ,"$1,685 ",$557 ,$967 ,$156 ,$0 ,$48 
California,2020,"$16,547 ","$1,956 ","$1,495 ",$663 ,"$2,137 ",$249 ,$0 ,$152 
Colorado,2020,"$13,737 ","$1,929 ","$1,510 ",$534 ,"$1,303 ",$120 ,$0 ,$98 
Connecticut,2020,"$14,528 ","$3,274 ","$1,281 ",$807 ,"$2,286 ",$576 ,$41 ,$200 
DC,2020,"$25,980 ","$4,363 ","$1,840 ",$562 ,"$3,544 ","$1,085 ",$56 ,"$1,702 "
Delaware,2020,"$14,904 ","$1,050 ",$0 ,$610 ,"$1,700 ",$254 ,$0 ,$92 
Florida,2020,"$9,669 ","$1,540 ","$1,426 ",$581 ,$0 ,$115 ,$0 ,$19 
Georgia,2020,"$9,559 ","$1,335 ",$981 ,$454 ,"$1,091 ",$92 ,$0 ,$50 
Hawaii,2020,"$14,776 ","$1,557 ","$2,812 ","$1,006 ","$1,626 ",$30 ,$31 ,$136 
Idaho,2020,"$9,815 ","$1,124 ","$1,142 ",$366 ,"$1,035 ",$133 ,$0 ,$69 
Illinois,2020,"$12,891 ","$2,345 ","$1,124 ",$981 ,"$1,404 ",$273 ,$24 ,$126 
Indiana,2020,"$11,050 ","$1,136 ","$1,213 ",$664 ,"$1,422 ",$111 ,$0 ,$82 
Iowa,2020,"$13,398 ","$1,810 ","$1,244 ",$531 ,"$1,277 ",$194 ,$24 ,$133 
Kansas,2020,"$11,701 ","$1,715 ","$1,507 ",$473 ,"$1,151 ",$148 ,$0 ,$92 
Kentucky,2020,"$11,078 ",$906 ,$930 ,$699 ,"$1,427 ",$178 ,$11 ,$79 
Louisiana,2020,"$11,343 ",$906 ,"$1,736 ",$627 ,$842 ,$97 ,$0 ,$40 
Maine,2020,"$12,530 ","$2,731 ","$1,221 ",$544 ,"$1,351 ",$158 ,$15 ,$89 
Maryland,2020,"$12,596 ","$1,744 ",$800 ,$853 ,"$2,759 ",$215 ,$56 ,$74 
Massachusetts,2020,"$15,085 ","$2,647 ",$974 ,$446 ,"$2,489 ",$362 ,$100 ,$255 
Michigan,2020,"$11,240 ","$1,595 ",$916 ,$427 ,$953 ,$81 ,$0 ,$115 
Minnesota,2020,"$13,844 ","$1,775 ","$1,189 ",$906 ,"$1,913 ",$281 ,$26 ,$134 
Mississippi,2020,"$11,140 ","$1,162 ","$1,287 ",$532 ,$629 ,$142 ,$0 ,$31 
Missouri,2020,"$10,087 ","$1,109 ","$1,177 ",$369 ,"$1,028 ",$74 ,$0 ,$56 
Montana,2020,"$11,084 ","$1,802 ",$0 ,$640 ,"$1,231 ",$171 ,$0 ,$105 
Nebraska,2020,"$13,818 ","$2,085 ","$1,331 ",$370 ,"$1,246 ",$199 ,$26 ,$37 
Nevada,2020,"$10,934 ","$1,135 ","$2,021 ","$1,002 ",$0 ,$0 ,$0 ,$219 
New Hampshire,2020,"$10,959 ","$3,266 ",$0 ,$674 ,$89 ,$566 ,$0 ,$34 
New Jersey,2020,"$13,021 ","$3,435 ","$1,194 ",$578 ,"$1,662 ",$385 ,$47 ,$234 
New Mexico,2020,"$13,470 ",$899 ,"$2,145 ",$445 ,$580 ,$45 ,$0 ,$59 
New York,2020,"$18,780 ","$3,176 ","$1,686 ",$739 ,"$3,381 ",$563 ,$53 ,$119 
North Carolina,2020,"$10,589 ","$1,097 ","$1,142 ",$460 ,"$1,196 ",$63 ,$0 ,$50 
North Dakota,2020,"$16,923 ","$1,526 ","$1,729 ",$685 ,$483 ,$105 ,$0 ,$257 
Ohio,2020,"$13,175 ","$1,439 ","$1,292 ",$661 ,"$1,211 ",$23 ,$0 ,$91 
Oklahoma,2020,"$10,401 ",$888 ,"$1,344 ",$456 ,$849 ,$76 ,$0 ,$56 
Oregon,2020,"$14,470 ","$1,729 ",$0 ,$627 ,"$2,034 ",$235 ,$27 ,$220 
Pennsylvania,2020,"$13,010 ","$1,638 ",$971 ,$801 ,"$1,408 ",$239 ,$81 ,$197 
Rhode Island,2020,"$13,305 ","$2,448 ","$1,056 ",$703 ,"$1,133 ",$195 ,$51 ,$189 
South Carolina,2020,"$10,889 ","$1,310 ",$929 ,$433 ,$993 ,$98 ,$0 ,$53 
South Dakota,2020,"$11,047 ","$1,610 ","$1,787 ",$594 ,$0 ,$42 ,$0 ,$87 
Tennessee,2020,"$9,748 ",$845 ,"$1,707 ",$599 ,$8 ,$217 ,$0 ,$37 
Texas,2020,"$11,380 ","$2,210 ","$1,622 ",$603 ,$0 ,$0 ,$0 ,$74 
Utah,2020,"$12,196 ","$1,213 ","$1,330 ",$517 ,"$1,137 ",$110 ,$0 ,$50 
Vermont,2020,"$15,207 ","$2,856 ",$696 ,"$1,157 ","$1,186 ",$220 ,$24 ,$165 
Virginia,2020,"$11,667 ","$1,833 ",$828 ,$681 ,"$1,736 ",$158 ,$0 ,$41 
Washington,2020,"$14,330 ","$1,726 ","$2,896 ",$888 ,$0 ,$0 ,$82 ,$143 
West Virginia,2020,"$11,215 ",$999 ,$812 ,$846 ,"$1,087 ",$85 ,$0 ,$103 
Wisconsin,2020,"$14,380 ","$1,716 ","$1,070 ",$504 ,"$1,441 ",$269 ,$0 ,$100 
Wyoming,2020,"$21,667 ","$2,169 ","$1,490 ",$379 ,$0 ,$0 ,$0 ,$118 
Alabama,2021,"$12,588 ",$659 ,"$1,362 ",$713 ,$997 ,$225 ,$0 ,$123 
Alaska,2021,"$26,227 ","$2,323 ",$360 ,$550 ,$0 ,$170 ,$0 ,$190 
Arizona,2021,"$13,255 ","$1,253 ","$1,839 ",$337 ,$898 ,$126 ,$0 ,$75 
Arkansas,2021,"$16,250 ",$835 ,"$1,877 ",$597 ,"$1,145 ",$204 ,$0 ,$21 
California,2021,"$25,237 ","$2,104 ","$1,525 ",$629 ,"$3,738 ",$667 ,$0 ,$144 
Colorado,2021,"$16,183 ","$2,081 ","$1,545 ",$583 ,"$1,763 ",$220 ,$0 ,$111 
Connecticut,2021,"$20,370 ","$3,294 ","$1,458 ",$804 ,"$2,847 ",$723 ,$79 ,$193 
DC,2021,"$29,874 ","$4,496 ","$1,843 ",$536 ,"$3,951 ","$1,290 ",$47 ,"$2,105 "
Delaware,2021,"$20,143 ","$1,105 ",$0 ,$603 ,"$2,138 ",$340 ,$0 ,$350 
Florida,2021,"$12,528 ","$1,612 ","$1,555 ",$582 ,$0 ,$156 ,$0 ,$50 
Georgia,2021,"$14,079 ","$1,397 ","$1,117 ",$445 ,"$1,318 ",$162 ,$0 ,$47 
Hawaii,2021,"$20,781 ","$1,604 ","$2,509 ",$731 ,"$2,319 ",$132 ,$22 ,$148 
Idaho,2021,"$13,032 ","$1,113 ","$1,330 ",$380 ,"$1,291 ",$185 ,$0 ,$181 
Illinois,2021,"$16,470 ","$2,463 ","$1,234 ","$1,068 ","$1,723 ",$451 ,$38 ,$118 
Indiana,2021,"$13,139 ","$1,238 ","$1,362 ",$697 ,"$1,729 ",$203 ,$0 ,$72 
Iowa,2021,"$18,393 ","$1,937 ","$1,398 ",$562 ,"$1,367 ",$248 ,$31 ,$128 
Kansas,2021,"$14,491 ","$1,782 ","$1,627 ",$480 ,"$1,572 ",$248 ,$0 ,$102 
Kentucky,2021,"$14,103 ",$967 ,"$1,011 ",$730 ,"$1,528 ",$256 ,$14 ,$126 
Louisiana,2021,"$15,399 ","$1,012 ","$1,947 ",$661 ,$850 ,$127 ,$0 ,$41 
Maine,2021,"$15,671 ","$2,781 ","$1,385 ",$528 ,"$1,505 ",$206 ,$29 ,$99 
Maryland,2021,"$16,428 ","$1,818 ",$884 ,$937 ,"$2,790 ",$298 ,$73 ,$113 
Massachusetts,2021,"$19,063 ","$2,799 ","$1,113 ",$419 ,"$2,815 ",$525 ,$113 ,$318 
Michigan,2021,"$14,059 ","$1,662 ","$1,115 ",$496 ,"$1,260 ",$149 ,$0 ,$111 
Minnesota,2021,"$21,197 ","$1,868 ","$1,240 ",$827 ,"$2,653 ",$424 ,$36 ,$128 
Mississippi,2021,"$14,774 ","$1,208 ","$1,434 ",$524 ,$853 ,$187 ,$0 ,$167 
Missouri,2021,"$13,934 ","$1,333 ","$1,246 ",$389 ,"$1,329 ",$126 ,$0 ,$104 
Montana,2021,"$15,711 ","$1,848 ",$0 ,$716 ,"$1,708 ",$243 ,$0 ,$103 
Nebraska,2021,"$16,841 ","$2,170 ","$1,463 ",$381 ,"$1,594 ",$291 ,$28 ,$46 
Nevada,2021,"$15,017 ","$1,214 ","$2,261 ",$968 ,$0 ,$0 ,$0 ,$179 
New Hampshire,2021,"$13,151 ","$3,306 ",$0 ,$710 ,$107 ,$728 ,$0 ,$97 
New Jersey,2021,"$16,390 ","$3,525 ","$1,381 ",$557 ,"$1,816 ",$643 ,$57 ,$223 
New Mexico,2021,"$19,388 ",$935 ,"$2,085 ",$449 ,$566 ,$72 ,$0 ,$74 
New York,2021,"$27,935 ","$3,342 ","$1,640 ",$684 ,"$3,557 ",$612 ,$77 ,$146 
North Carolina,2021,"$13,809 ","$1,123 ","$1,292 ",$507 ,"$1,505 ",$143 ,$0 ,$34 
North Dakota,2021,"$19,172 ","$1,532 ","$1,532 ",$693 ,$577 ,$200 ,$0 ,$431 
Ohio,2021,"$15,841 ","$1,520 ","$1,432 ",$681 ,"$1,411 ",$24 ,$0 ,$95 
Oklahoma,2021,"$13,362 ",$917 ,"$1,426 ",$503 ,$944 ,$151 ,$0 ,$108 
Oregon,2021,"$20,774 ","$1,812 ",$0 ,$732 ,"$2,645 ",$320 ,$96 ,$235 
Pennsylvania,2021,"$16,157 ","$1,674 ","$1,126 ",$857 ,"$1,689 ",$356 ,$100 ,$190 
Rhode Island,2021,"$23,464 ","$2,462 ","$1,217 ",$750 ,"$1,602 ",$235 ,$35 ,$206 
South Carolina,2021,"$13,352 ","$1,380 ","$1,048 ",$472 ,"$1,051 ",$143 ,$0 ,$48 
South Dakota,2021,"$17,173 ","$1,660 ","$1,893 ",$623 ,$0 ,$60 ,$0 ,$91 
Tennessee,2021,"$12,776 ",$927 ,"$1,886 ",$597 ,$26 ,$368 ,$0 ,$40 
Texas,2021,"$13,852 ","$2,231 ","$1,677 ",$631 ,$0 ,$0 ,$0 ,$66 
Utah,2021,"$14,132 ","$1,237 ","$1,498 ",$533 ,"$1,998 ",$223 ,$0 ,$53 
Vermont,2021,"$33,786 ","$2,991 ",$807 ,"$1,158 ","$1,906 ",$258 ,$42 ,$139 
Virginia,2021,"$15,735 ","$1,920 ",$934 ,$784 ,"$1,971 ",$182 ,$0 ,$49 
Washington,2021,"$19,166 ","$1,901 ","$3,156 ",$877 ,$0 ,$0 ,$42 ,$188 
West Virginia,2021,"$15,117 ","$1,077 ",$908 ,$851 ,"$1,262 ",$180 ,$0 ,$102 
Wisconsin,2021,"$14,572 ","$1,783 ","$1,166 ",$492 ,"$1,537 ",$428 ,$0 ,$96 
Wyoming,2021,"$20,793 ","$2,169 ","$1,428 ",$394 ,$0 ,$0 ,$0 ,$237 
Alabama,2022,"$12,767 ",$697 ,"$1,465 ",$739 ,"$1,227 ",$288 ,$0 ,$70 
Alaska,2022,"$21,366 ","$2,389 ",$392 ,$621 ,$0 ,$563 ,$0 ,$245 
Arizona,2022,"$12,093 ","$1,259 ","$2,218 ",$349 ,"$1,022 ",$160 ,$0 ,$64 
Arkansas,2022,"$12,149 ",$860 ,"$2,056 ",$622 ,"$1,220 ",$271 ,$0 ,$36 
California,2022,"$18,937 ","$2,137 ","$1,889 ",$690 ,"$3,745 ","$1,178 ",$0 ,$169 
Colorado,2022,"$14,229 ","$2,123 ","$1,857 ",$712 ,"$2,001 ",$258 ,$0 ,$132 
Connecticut,2022,"$14,909 ","$3,364 ","$1,439 ",$869 ,"$2,733 ","$1,010 ",$61 ,$190 
DC,2022,"$29,892 ","$4,334 ","$2,547 ",$616 ,"$4,646 ","$1,477 ",$72 ,$240 
Delaware,2022,"$15,272 ","$1,156 ",$0 ,$655 ,"$2,359 ",$498 ,$0 ,$182 
Florida,2022,"$10,920 ","$1,675 ","$1,914 ",$604 ,$0 ,$170 ,$0 ,$48 
Georgia,2022,"$10,265 ","$1,462 ","$1,281 ",$438 ,"$1,676 ",$230 ,$0 ,$56 
Hawaii,2022,"$17,216 ","$1,607 ","$3,291 ","$1,193 ","$2,612 ",$219 ,$40 ,$169 
Idaho,2022,"$10,621 ","$1,076 ","$1,508 ",$388 ,"$1,338 ",$537 ,$0 ,$74 
Illinois,2022,"$14,513 ","$2,611 ","$1,442 ","$1,150 ","$1,804 ",$765 ,$51 ,$146 
Indiana,2022,"$12,491 ","$1,259 ","$1,521 ",$691 ,"$1,896 ",$225 ,$0 ,$65 
Iowa,2022,"$14,380 ","$1,999 ","$1,507 ",$587 ,"$1,587 ",$269 ,$29 ,$142 
Kansas,2022,"$13,430 ","$1,802 ","$1,858 ",$508 ,"$1,647 ",$296 ,$0 ,$113 
Kentucky,2022,"$12,836 ","$1,021 ","$1,144 ",$764 ,"$1,775 ",$321 ,$18 ,$246 
Louisiana,2022,"$13,016 ","$1,039 ","$2,254 ",$714 ,$976 ,$227 ,$0 ,$47 
Maine,2022,"$13,184 ","$2,557 ","$1,563 ",$582 ,"$1,865 ",$299 ,$25 ,$113 
Maryland,2022,"$14,538 ","$1,873 ","$1,077 ","$1,022 ","$3,189 ",$347 ,$85 ,$332 
Massachusetts,2022,"$16,545 ","$2,998 ","$1,248 ",$510 ,"$3,494 ",$659 ,$124 ,$182 
Michigan,2022,"$12,163 ","$1,704 ","$1,216 ",$514 ,"$1,353 ",$179 ,$0 ,$124 
Minnesota,2022,"$14,932 ","$1,916 ","$1,346 ",$881 ,"$2,648 ",$828 ,$37 ,$616 
Mississippi,2022,"$12,182 ","$1,228 ","$1,623 ",$558 ,$864 ,$242 ,$0 ,$33 
Missouri,2022,"$11,051 ","$1,362 ","$1,317 ",$415 ,"$1,526 ",$139 ,$0 ,$56 
Montana,2022,"$12,223 ","$1,922 ",$0 ,$798 ,"$2,126 ",$259 ,$0 ,$128 
Nebraska,2022,"$15,501 ","$2,271 ","$1,594 ",$378 ,"$1,646 ",$363 ,$32 ,$40 
Nevada,2022,"$11,859 ","$1,345 ","$2,727 ","$1,314 ",$0 ,$0 ,$0 ,$221 
New Hampshire,2022,"$11,347 ","$3,642 ",$0 ,$690 ,$110 ,$867 ,$0 ,$108 
New Jersey,2022,"$15,164 ","$3,631 ","$1,531 ",$612 ,"$2,228 ",$935 ,$65 ,$276 
New Mexico,2022,"$19,983 ","$1,106 ","$2,485 ",$486 ,"$1,028 ",$232 ,$0 ,$61 
New York,2022,"$22,470 ","$3,319 ","$1,943 ",$788 ,"$4,468 ","$1,622 ",$70 ,$162 
North Carolina,2022,"$12,081 ","$1,169 ","$1,452 ",$550 ,"$1,652 ",$153 ,$0 ,$58 
North Dakota,2022,"$18,731 ","$1,621 ","$1,770 ",$706 ,$607 ,$294 ,$0 ,$97 
Ohio,2022,"$12,608 ","$1,616 ","$1,588 ",$749 ,"$1,513 ",$34 ,$2 ,$98 
Oklahoma,2022,"$12,010 ",$940 ,"$1,601 ",$496 ,"$1,034 ",$202 ,$0 ,$92 
Oregon,2022,"$16,109 ","$1,890 ",$287 ,$819 ,"$2,812 ",$407 ,$83 ,$284 
Pennsylvania,2022,"$13,227 ","$1,719 ","$1,216 ",$885 ,"$1,794 ",$444 ,$116 ,$177 
Rhode Island,2022,"$14,713 ","$2,534 ","$1,371 ",$821 ,"$1,773 ",$264 ,$36 ,$224 
South Carolina,2022,"$12,945 ","$1,433 ","$1,200 ",$508 ,"$1,298 ",$228 ,$0 ,$55 
South Dakota,2022,"$11,594 ","$1,683 ","$2,174 ",$650 ,$0 ,$68 ,$0 ,$45 
Tennessee,2022,"$10,878 ",$971 ,"$2,158 ",$648 ,$1 ,$426 ,$0 ,$37 
Texas,2022,"$11,535 ","$2,234 ","$1,972 ",$687 ,$0 ,$0 ,$0 ,$105 
Utah,2022,"$13,761 ","$1,347 ","$1,827 ",$560 ,"$2,015 ",$277 ,$0 ,$75 
Vermont,2022,"$17,359 ","$3,184 ",$872 ,"$1,324 ","$1,960 ",$372 ,$22 ,$96 
Virginia,2022,"$12,886 ","$2,017 ","$1,015 ",$873 ,"$2,274 ",$228 ,$0 ,$48 
Washington,2022,"$15,417 ","$1,995 ","$3,581 ",$938 ,$0 ,$0 ,$48 ,$284 
West Virginia,2022,"$12,638 ","$1,106 ",$992 ,$927 ,"$1,411 ",$206 ,$0 ,$200 
Wisconsin,2022,"$11,737 ","$1,832 ","$1,281 ",$513 ,"$1,527 ",$497 ,$0 ,$66 
Wyoming,2022,"$19,552 ","$2,149 ","$1,857 ",$423 ,$0 ,$0 ,$0 ,$258 
,,,,,,,,,
,,,,,,,,,
,,,,,,,,,
,,,,,,,,,
,,,,,,,,,
"	",,,,,,,,,
